{
    "name": "YARM",
    "version": "0.8.207",
    "factorio_version": "1.1",
    "title": "YARM - Resource Monitor",
    "author": "Octav 'narc' Sandulescu, based on work by drs, jorgenRe, and L0771",
    "homepage": "https://github.com/narc0tiq/YARM",
    "dependencies": [
        "? aai-programmable-vehicles",
        "? angelsrefining",
        "? omnimatter"
    ],
    "description": "This mod helps you to keep track of your mining sites, with useful data such as the percent mined, and estimated time to depletion."
}
